Input Size, Execution Time (microseconds)
8, 1000.000000
8, 7000.000000
15, 0.000000
15, 0.000000
20, 1000.000000
20, 0.000000